Datetime,High
2023-01-12 09:30:00,85.05999755859375
2023-01-12 09:31:00,85.12999725341797
2023-01-12 09:32:00,85.4800033569336
2023-01-12 09:33:00,85.62000274658203
2023-01-12 09:34:00,86.08000183105469
2023-01-12 09:35:00,86.23999786376953
2023-01-12 09:36:00,85.98999786376953
2023-01-12 09:37:00,85.72000122070312
2023-01-12 09:38:00,86.04000091552734
2023-01-12 09:39:00,86.68000030517578
2023-01-12 09:40:00,86.62999725341797
2023-01-12 09:41:00,86.2249984741211
2023-01-12 09:42:00,85.9999008178711
2023-01-12 09:43:00,85.74500274658203
2023-01-12 09:44:00,85.7699966430664
2023-01-12 09:45:00,85.62999725341797
2023-01-12 09:46:00,85.58999633789062
2023-01-12 09:47:00,86.01000213623047
2023-01-12 09:48:00,85.99819946289062
2023-01-12 09:49:00,85.86000061035156
2023-01-12 09:50:00,85.31999969482422
2023-01-12 09:51:00,85.4197998046875
2023-01-12 09:52:00,85.22000122070312
2023-01-12 09:53:00,85.18499755859375
2023-01-12 09:54:00,85.04000091552734
2023-01-12 09:55:00,84.81999969482422
2023-01-12 09:56:00,85.08999633789062
2023-01-12 09:57:00,84.94409942626953
2023-01-12 09:58:00,84.87000274658203
2023-01-12 09:59:00,85.0250015258789
2023-01-12 10:00:00,85.05999755859375
2023-01-12 10:01:00,85.22000122070312
2023-01-12 10:02:00,85.5999984741211
2023-01-12 10:03:00,85.58000183105469
2023-01-12 10:04:00,85.70999908447266
2023-01-12 10:05:00,85.72000122070312
2023-01-12 10:06:00,85.75
2023-01-12 10:07:00,85.67500305175781
2023-01-12 10:08:00,85.62999725341797
2023-01-12 10:09:00,85.5999984741211
2023-01-12 10:10:00,86.12000274658203
2023-01-12 10:11:00,86.05000305175781
2023-01-12 10:12:00,86.37989807128906
2023-01-12 10:13:00,86.48999786376953
2023-01-12 10:14:00,86.5999984741211
2023-01-12 10:15:00,86.58000183105469
2023-01-12 10:16:00,86.5
2023-01-12 10:17:00,86.56999969482422
2023-01-12 10:18:00,86.56999969482422
2023-01-12 10:19:00,86.6146011352539
2023-01-12 10:20:00,86.6500015258789
2023-01-12 10:21:00,86.58000183105469
2023-01-12 10:22:00,86.5
2023-01-12 10:23:00,86.44999694824219
2023-01-12 10:24:00,86.41000366210938
2023-01-12 10:25:00,86.5
2023-01-12 10:26:00,86.4800033569336
2023-01-12 10:27:00,86.44999694824219
2023-01-12 10:28:00,86.3499984741211
2023-01-12 10:29:00,86.375
2023-01-12 10:30:00,86.1500015258789
2023-01-12 10:31:00,86.0199966430664
2023-01-12 10:32:00,86.08999633789062
2023-01-12 10:33:00,86.33999633789062
2023-01-12 10:34:00,86.3499984741211
2023-01-12 10:35:00,86.4000015258789
2023-01-12 10:36:00,86.43000030517578
2023-01-12 10:37:00,86.47000122070312
2023-01-12 10:38:00,86.54000091552734
2023-01-12 10:39:00,86.62830352783203
2023-01-12 10:40:00,86.6500015258789
2023-01-12 10:41:00,86.58999633789062
2023-01-12 10:42:00,86.44999694824219
2023-01-12 10:43:00,86.5999984741211
2023-01-12 10:44:00,86.48999786376953
2023-01-12 10:45:00,86.58000183105469
2023-01-12 10:46:00,86.55999755859375
2023-01-12 10:47:00,86.56999969482422
2023-01-12 10:48:00,86.5199966430664
2023-01-12 10:49:00,86.5199966430664
2023-01-12 10:50:00,86.54000091552734
2023-01-12 10:51:00,86.62000274658203
2023-01-12 10:52:00,86.75
2023-01-12 10:53:00,86.86000061035156
2023-01-12 10:54:00,87.0199966430664
2023-01-12 10:55:00,87.0
2023-01-12 10:56:00,87.08000183105469
2023-01-12 10:57:00,87.1500015258789
2023-01-12 10:58:00,87.27999877929688
2023-01-12 10:59:00,87.33000183105469
2023-01-12 11:00:00,87.1500015258789
2023-01-12 11:01:00,86.97989654541016
2023-01-12 11:02:00,86.80999755859375
2023-01-12 11:03:00,86.83989715576172
2023-01-12 11:04:00,86.86000061035156
2023-01-12 11:05:00,86.8499984741211
2023-01-12 11:06:00,86.84500122070312
2023-01-12 11:07:00,86.88999938964844
2023-01-12 11:08:00,86.90670013427734
2023-01-12 11:09:00,86.93000030517578
2023-01-12 11:10:00,87.07830047607422
2023-01-12 11:11:00,87.0250015258789
2023-01-12 11:12:00,87.11000061035156
2023-01-12 11:13:00,87.19300079345703
2023-01-12 11:14:00,87.30000305175781
2023-01-12 11:15:00,87.33000183105469
2023-01-12 11:16:00,87.26000213623047
2023-01-12 11:17:00,87.31999969482422
2023-01-12 11:18:00,87.47000122070312
2023-01-12 11:19:00,87.55500030517578
2023-01-12 11:20:00,87.62000274658203
2023-01-12 11:21:00,87.75
2023-01-12 11:22:00,87.76499938964844
2023-01-12 11:23:00,87.70500183105469
2023-01-12 11:24:00,87.72000122070312
2023-01-12 11:25:00,87.72000122070312
2023-01-12 11:26:00,87.63990020751953
2023-01-12 11:27:00,87.48999786376953
2023-01-12 11:28:00,87.56999969482422
2023-01-12 11:29:00,87.55999755859375
2023-01-12 11:30:00,87.55999755859375
2023-01-12 11:31:00,87.43000030517578
2023-01-12 11:32:00,87.31990051269531
2023-01-12 11:33:00,87.32990264892578
2023-01-12 11:34:00,87.2699966430664
2023-01-12 11:35:00,87.26000213623047
2023-01-12 11:36:00,87.29000091552734
2023-01-12 11:37:00,87.31500244140625
2023-01-12 11:38:00,87.37999725341797
2023-01-12 11:39:00,87.375
2023-01-12 11:40:00,87.4000015258789
2023-01-12 11:41:00,87.4000015258789
2023-01-12 11:42:00,87.37999725341797
2023-01-12 11:43:00,87.44000244140625
2023-01-12 11:44:00,87.44999694824219
2023-01-12 11:45:00,87.44989776611328
2023-01-12 11:46:00,87.43000030517578
2023-01-12 11:47:00,87.375
2023-01-12 11:48:00,87.51000213623047
2023-01-12 11:49:00,87.45989990234375
2023-01-12 11:50:00,87.51000213623047
2023-01-12 11:51:00,87.62999725341797
2023-01-12 11:52:00,87.76499938964844
2023-01-12 11:53:00,87.80000305175781
2023-01-12 11:54:00,87.73999786376953
2023-01-12 11:55:00,87.7699966430664
2023-01-12 11:56:00,87.69999694824219
2023-01-12 11:57:00,87.81990051269531
2023-01-12 11:58:00,87.7699966430664
2023-01-12 11:59:00,87.847900390625
2023-01-12 12:00:00,87.87000274658203
2023-01-12 12:01:00,87.87999725341797
2023-01-12 12:02:00,87.93990325927734
2023-01-12 12:03:00,87.94999694824219
2023-01-12 12:04:00,87.98999786376953
2023-01-12 12:05:00,88.0
2023-01-12 12:06:00,87.9000015258789
2023-01-12 12:07:00,88.08000183105469
2023-01-12 12:08:00,88.16999816894531
2023-01-12 12:09:00,88.18000030517578
2023-01-12 12:10:00,88.2300033569336
2023-01-12 12:11:00,88.30999755859375
2023-01-12 12:12:00,88.38999938964844
2023-01-12 12:13:00,88.3499984741211
2023-01-12 12:14:00,88.30879974365234
2023-01-12 12:15:00,88.4000015258789
2023-01-12 12:16:00,88.37999725341797
2023-01-12 12:17:00,88.4800033569336
2023-01-12 12:18:00,88.44999694824219
2023-01-12 12:19:00,88.44000244140625
2023-01-12 12:20:00,88.44999694824219
2023-01-12 12:21:00,88.44999694824219
2023-01-12 12:22:00,88.3499984741211
2023-01-12 12:23:00,88.4000015258789
2023-01-12 12:24:00,88.37999725341797
2023-01-12 12:25:00,88.48999786376953
2023-01-12 12:26:00,88.55549621582031
2023-01-12 12:27:00,88.55000305175781
2023-01-12 12:28:00,88.63999938964844
2023-01-12 12:29:00,88.63999938964844
2023-01-12 12:30:00,88.66999816894531
2023-01-12 12:31:00,88.62000274658203
2023-01-12 12:32:00,88.61499786376953
2023-01-12 12:33:00,88.65989685058594
2023-01-12 12:34:00,88.66999816894531
2023-01-12 12:35:00,88.66000366210938
2023-01-12 12:36:00,88.63990020751953
2023-01-12 12:37:00,88.69999694824219
2023-01-12 12:38:00,88.73999786376953
2023-01-12 12:39:00,88.73999786376953
2023-01-12 12:40:00,88.80000305175781
2023-01-12 12:41:00,88.83350372314453
2023-01-12 12:42:00,88.80000305175781
2023-01-12 12:43:00,88.73999786376953
2023-01-12 12:44:00,88.6500015258789
2023-01-12 12:45:00,88.69889831542969
2023-01-12 12:46:00,88.73999786376953
2023-01-12 12:47:00,88.73999786376953
2023-01-12 12:48:00,88.70999908447266
2023-01-12 12:49:00,88.74610137939453
2023-01-12 12:50:00,88.654296875
2023-01-12 12:51:00,88.69999694824219
2023-01-12 12:52:00,88.76000213623047
2023-01-12 12:53:00,88.76000213623047
2023-01-12 12:54:00,88.7249984741211
2023-01-12 12:55:00,88.6500015258789
2023-01-12 12:56:00,88.47000122070312
2023-01-12 12:57:00,88.44000244140625
2023-01-12 12:58:00,88.37999725341797
2023-01-12 12:59:00,88.3499984741211
2023-01-12 13:00:00,88.29910278320312
2023-01-12 13:01:00,88.19499969482422
2023-01-12 13:02:00,88.21499633789062
2023-01-12 13:03:00,88.1500015258789
2023-01-12 13:04:00,88.11000061035156
2023-01-12 13:05:00,88.08999633789062
2023-01-12 13:06:00,88.12999725341797
2023-01-12 13:07:00,88.06849670410156
2023-01-12 13:08:00,87.95999908447266
2023-01-12 13:09:00,88.02660369873047
2023-01-12 13:10:00,87.92990112304688
2023-01-12 13:11:00,87.91000366210938
2023-01-12 13:12:00,87.94000244140625
2023-01-12 13:13:00,87.94000244140625
2023-01-12 13:14:00,87.97000122070312
2023-01-12 13:15:00,88.0199966430664
2023-01-12 13:16:00,88.06999969482422
2023-01-12 13:17:00,88.11000061035156
2023-01-12 13:18:00,88.08000183105469
2023-01-12 13:19:00,88.0
2023-01-12 13:20:00,87.99720001220703
2023-01-12 13:21:00,87.97000122070312
2023-01-12 13:22:00,87.9800033569336
2023-01-12 13:23:00,87.97000122070312
2023-01-12 13:24:00,87.96499633789062
2023-01-12 13:25:00,87.91000366210938
2023-01-12 13:26:00,87.81999969482422
2023-01-12 13:27:00,87.73999786376953
2023-01-12 13:28:00,87.5999984741211
2023-01-12 13:29:00,87.58999633789062
2023-01-12 13:30:00,87.58999633789062
2023-01-12 13:31:00,87.54000091552734
2023-01-12 13:32:00,87.66500091552734
2023-01-12 13:33:00,87.82980346679688
2023-01-12 13:34:00,87.83000183105469
2023-01-12 13:35:00,87.94999694824219
2023-01-12 13:36:00,87.94999694824219
2023-01-12 13:37:00,88.0
2023-01-12 13:38:00,88.0199966430664
2023-01-12 13:39:00,87.9800033569336
2023-01-12 13:40:00,88.0
2023-01-12 13:41:00,87.97650146484375
2023-01-12 13:42:00,87.98999786376953
2023-01-12 13:43:00,88.0
2023-01-12 13:44:00,87.97989654541016
2023-01-12 13:45:00,87.92500305175781
2023-01-12 13:46:00,87.97000122070312
2023-01-12 13:47:00,87.9800033569336
2023-01-12 13:48:00,87.9800033569336
2023-01-12 13:49:00,87.98999786376953
2023-01-12 13:50:00,88.06999969482422
2023-01-12 13:51:00,88.05000305175781
2023-01-12 13:52:00,88.0199966430664
2023-01-12 13:53:00,88.08999633789062
2023-01-12 13:54:00,88.18000030517578
2023-01-12 13:55:00,88.18000030517578
2023-01-12 13:56:00,88.16999816894531
2023-01-12 13:57:00,88.19000244140625
2023-01-12 13:58:00,88.25
2023-01-12 13:59:00,88.21990203857422
2023-01-12 14:00:00,88.19499969482422
2023-01-12 14:01:00,88.16200256347656
2023-01-12 14:02:00,88.22699737548828
2023-01-12 14:03:00,88.15499877929688
2023-01-12 14:04:00,88.12989807128906
2023-01-12 14:05:00,88.15989685058594
2023-01-12 14:06:00,88.11499786376953
2023-01-12 14:07:00,88.12000274658203
2023-01-12 14:08:00,88.08000183105469
2023-01-12 14:09:00,88.05500030517578
2023-01-12 14:10:00,88.01840209960938
2023-01-12 14:11:00,87.98999786376953
2023-01-12 14:12:00,88.04000091552734
2023-01-12 14:13:00,88.05000305175781
2023-01-12 14:14:00,88.08999633789062
2023-01-12 14:15:00,88.08000183105469
2023-01-12 14:16:00,88.03500366210938
2023-01-12 14:17:00,87.98500061035156
2023-01-12 14:18:00,88.0
2023-01-12 14:19:00,88.0
2023-01-12 14:20:00,87.94999694824219
2023-01-12 14:21:00,87.94999694824219
2023-01-12 14:22:00,87.90499877929688
2023-01-12 14:23:00,87.80000305175781
2023-01-12 14:24:00,87.77999877929688
2023-01-12 14:25:00,87.84210205078125
2023-01-12 14:26:00,87.73999786376953
2023-01-12 14:27:00,87.68000030517578
2023-01-12 14:28:00,87.6500015258789
2023-01-12 14:29:00,87.59500122070312
2023-01-12 14:30:00,87.56999969482422
2023-01-12 14:31:00,87.63500213623047
2023-01-12 14:32:00,87.55999755859375
2023-01-12 14:33:00,87.5
2023-01-12 14:34:00,87.45999908447266
2023-01-12 14:35:00,87.44999694824219
2023-01-12 14:36:00,87.41000366210938
2023-01-12 14:37:00,87.45999908447266
2023-01-12 14:38:00,87.55490112304688
2023-01-12 14:39:00,87.58999633789062
2023-01-12 14:40:00,87.6500015258789
2023-01-12 14:41:00,87.7300033569336
2023-01-12 14:42:00,87.69999694824219
2023-01-12 14:43:00,87.63999938964844
2023-01-12 14:44:00,87.55000305175781
2023-01-12 14:45:00,87.56999969482422
2023-01-12 14:46:00,87.4800033569336
2023-01-12 14:47:00,87.41000366210938
2023-01-12 14:48:00,87.43620300292969
2023-01-12 14:49:00,87.47000122070312
2023-01-12 14:50:00,87.39990234375
2023-01-12 14:51:00,87.37999725341797
2023-01-12 14:52:00,87.3499984741211
2023-01-12 14:53:00,87.36000061035156
2023-01-12 14:54:00,87.33000183105469
2023-01-12 14:55:00,87.31999969482422
2023-01-12 14:56:00,87.29499816894531
2023-01-12 14:57:00,87.33999633789062
2023-01-12 14:58:00,87.44000244140625
2023-01-12 14:59:00,87.47000122070312
2023-01-12 15:00:00,87.39949798583984
2023-01-12 15:01:00,87.37000274658203
2023-01-12 15:02:00,87.30000305175781
2023-01-12 15:03:00,87.24500274658203
2023-01-12 15:04:00,87.2300033569336
2023-01-12 15:05:00,87.25
2023-01-12 15:06:00,87.19999694824219
2023-01-12 15:07:00,87.16200256347656
2023-01-12 15:08:00,87.13999938964844
2023-01-12 15:09:00,87.12000274658203
2023-01-12 15:10:00,87.12999725341797
2023-01-12 15:11:00,87.10260009765625
2023-01-12 15:12:00,87.1500015258789
2023-01-12 15:13:00,87.0999984741211
2023-01-12 15:14:00,87.05999755859375
2023-01-12 15:15:00,87.0
2023-01-12 15:16:00,86.98999786376953
2023-01-12 15:17:00,87.0
2023-01-12 15:18:00,87.02999877929688
2023-01-12 15:19:00,86.9800033569336
2023-01-12 15:20:00,87.0
2023-01-12 15:21:00,87.0895004272461
2023-01-12 15:22:00,87.20709991455078
2023-01-12 15:23:00,87.18000030517578
2023-01-12 15:24:00,87.19000244140625
2023-01-12 15:25:00,87.20899963378906
2023-01-12 15:26:00,87.20500183105469
2023-01-12 15:27:00,87.31999969482422
2023-01-12 15:28:00,87.33930206298828
2023-01-12 15:29:00,87.27989959716797
2023-01-12 15:30:00,87.30999755859375
2023-01-12 15:31:00,87.2699966430664
2023-01-12 15:32:00,87.29000091552734
2023-01-12 15:33:00,87.30999755859375
2023-01-12 15:34:00,87.3563003540039
2023-01-12 15:35:00,87.3550033569336
2023-01-12 15:36:00,87.2750015258789
2023-01-12 15:37:00,87.2249984741211
2023-01-12 15:38:00,87.11000061035156
2023-01-12 15:39:00,87.06999969482422
2023-01-12 15:40:00,87.01000213623047
2023-01-12 15:41:00,86.98999786376953
2023-01-12 15:42:00,86.9800033569336
2023-01-12 15:43:00,86.94999694824219
2023-01-12 15:44:00,86.87999725341797
2023-01-12 15:45:00,86.86000061035156
2023-01-12 15:46:00,86.76000213623047
2023-01-12 15:47:00,86.76000213623047
2023-01-12 15:48:00,86.7750015258789
2023-01-12 15:49:00,86.77999877929688
2023-01-12 15:50:00,87.05000305175781
2023-01-12 15:51:00,87.04000091552734
2023-01-12 15:52:00,87.04000091552734
2023-01-12 15:53:00,86.94499969482422
2023-01-12 15:54:00,86.93000030517578
2023-01-12 15:55:00,86.95999908447266
2023-01-12 15:56:00,86.9800033569336
2023-01-12 15:57:00,87.01000213623047
2023-01-12 15:58:00,87.01000213623047
2023-01-12 15:59:00,87.01000213623047
2023-01-13 09:30:00,85.94999694824219
2023-01-13 09:31:00,85.88999938964844
2023-01-13 09:32:00,85.75
2023-01-13 09:33:00,85.75
2023-01-13 09:34:00,86.0999984741211
2023-01-13 09:35:00,86.04000091552734
2023-01-13 09:36:00,85.93000030517578
2023-01-13 09:37:00,85.80000305175781
2023-01-13 09:38:00,85.75
2023-01-13 09:39:00,85.48999786376953
2023-01-13 09:40:00,85.55000305175781
2023-01-13 09:41:00,85.4000015258789
2023-01-13 09:42:00,85.25
2023-01-13 09:43:00,85.4000015258789
2023-01-13 09:44:00,85.5
2023-01-13 09:45:00,85.6500015258789
2023-01-13 09:46:00,85.7699966430664
2023-01-13 09:47:00,85.80000305175781
2023-01-13 09:48:00,85.7699966430664
2023-01-13 09:49:00,85.60089874267578
2023-01-13 09:50:00,85.54989624023438
2023-01-13 09:51:00,85.62000274658203
2023-01-13 09:52:00,85.55000305175781
2023-01-13 09:53:00,85.54000091552734
2023-01-13 09:54:00,85.63189697265625
2023-01-13 09:55:00,85.7300033569336
2023-01-13 09:56:00,85.75
2023-01-13 09:57:00,85.8499984741211
2023-01-13 09:58:00,85.94999694824219
2023-01-13 09:59:00,85.94999694824219
2023-01-13 10:00:00,86.0999984741211
2023-01-13 10:01:00,86.11000061035156
2023-01-13 10:02:00,86.08999633789062
2023-01-13 10:03:00,85.98999786376953
2023-01-13 10:04:00,86.05000305175781
2023-01-13 10:05:00,86.05000305175781
2023-01-13 10:06:00,86.08999633789062
2023-01-13 10:07:00,85.94999694824219
2023-01-13 10:08:00,85.70999908447266
2023-01-13 10:09:00,85.58000183105469
2023-01-13 10:10:00,85.66570281982422
2023-01-13 10:11:00,85.72000122070312
2023-01-13 10:12:00,85.80000305175781
2023-01-13 10:13:00,85.80999755859375
2023-01-13 10:14:00,85.73999786376953
2023-01-13 10:15:00,85.68000030517578
2023-01-13 10:16:00,85.66999816894531
2023-01-13 10:17:00,85.62000274658203
2023-01-13 10:18:00,85.54000091552734
2023-01-13 10:19:00,85.68000030517578
2023-01-13 10:20:00,85.76000213623047
2023-01-13 10:21:00,85.77110290527344
2023-01-13 10:22:00,85.80999755859375
2023-01-13 10:23:00,85.9000015258789
2023-01-13 10:24:00,85.91000366210938
2023-01-13 10:25:00,85.94999694824219
2023-01-13 10:26:00,85.77999877929688
2023-01-13 10:27:00,85.82499694824219
2023-01-13 10:28:00,85.83000183105469
2023-01-13 10:29:00,85.7072982788086
2023-01-13 10:30:00,85.87000274658203
2023-01-13 10:31:00,85.87999725341797
2023-01-13 10:32:00,85.8499984741211
2023-01-13 10:33:00,85.73999786376953
2023-01-13 10:34:00,85.68000030517578
2023-01-13 10:35:00,85.70999908447266
2023-01-13 10:36:00,85.79000091552734
2023-01-13 10:37:00,85.80000305175781
2023-01-13 10:38:00,85.83000183105469
2023-01-13 10:39:00,85.83499908447266
2023-01-13 10:40:00,85.91000366210938
2023-01-13 10:41:00,85.95999908447266
2023-01-13 10:42:00,85.94999694824219
2023-01-13 10:43:00,85.87000274658203
2023-01-13 10:44:00,85.86000061035156
2023-01-13 10:45:00,85.95999908447266
2023-01-13 10:46:00,86.08000183105469
2023-01-13 10:47:00,86.06999969482422
2023-01-13 10:48:00,86.06990051269531
2023-01-13 10:49:00,86.06999969482422
2023-01-13 10:50:00,86.09500122070312
2023-01-13 10:51:00,85.98500061035156
2023-01-13 10:52:00,86.01499938964844
2023-01-13 10:53:00,86.13999938964844
2023-01-13 10:54:00,86.12000274658203
2023-01-13 10:55:00,86.06999969482422
2023-01-13 10:56:00,85.97000122070312
2023-01-13 10:57:00,85.93990325927734
2023-01-13 10:58:00,85.93000030517578
2023-01-13 10:59:00,85.89179992675781
2023-01-13 11:00:00,85.93000030517578
2023-01-13 11:01:00,85.77999877929688
2023-01-13 11:02:00,85.75
2023-01-13 11:03:00,85.93730163574219
2023-01-13 11:04:00,85.95999908447266
2023-01-13 11:05:00,85.97000122070312
2023-01-13 11:06:00,85.91000366210938
2023-01-13 11:07:00,85.97000122070312
2023-01-13 11:08:00,85.9749984741211
2023-01-13 11:09:00,85.9800033569336
2023-01-13 11:10:00,86.0
2023-01-13 11:11:00,86.0199966430664
2023-01-13 11:12:00,85.95500183105469
2023-01-13 11:13:00,85.98690032958984
2023-01-13 11:14:00,85.94000244140625
2023-01-13 11:15:00,85.88999938964844
2023-01-13 11:16:00,85.86499786376953
2023-01-13 11:17:00,85.84500122070312
2023-01-13 11:18:00,85.83000183105469
2023-01-13 11:19:00,85.87999725341797
2023-01-13 11:20:00,85.9198989868164
2023-01-13 11:21:00,85.91999816894531
2023-01-13 11:22:00,85.93000030517578
2023-01-13 11:23:00,85.96499633789062
2023-01-13 11:24:00,85.97000122070312
2023-01-13 11:25:00,85.93499755859375
2023-01-13 11:26:00,85.91000366210938
2023-01-13 11:27:00,85.96730041503906
2023-01-13 11:28:00,85.91999816894531
2023-01-13 11:29:00,85.91999816894531
2023-01-13 11:30:00,85.93000030517578
2023-01-13 11:31:00,85.83999633789062
2023-01-13 11:32:00,85.78199768066406
2023-01-13 11:33:00,85.77999877929688
2023-01-13 11:34:00,85.86000061035156
2023-01-13 11:35:00,85.81999969482422
2023-01-13 11:36:00,85.8499984741211
2023-01-13 11:37:00,85.84989929199219
2023-01-13 11:38:00,85.80000305175781
2023-01-13 11:39:00,85.80000305175781
2023-01-13 11:40:00,85.76000213623047
2023-01-13 11:41:00,85.80500030517578
2023-01-13 11:42:00,85.7300033569336
2023-01-13 11:43:00,85.7699966430664
2023-01-13 11:44:00,85.7699966430664
2023-01-13 11:45:00,85.73500061035156
2023-01-13 11:46:00,85.64080047607422
2023-01-13 11:47:00,85.63999938964844
2023-01-13 11:48:00,85.63999938964844
2023-01-13 11:49:00,85.62000274658203
2023-01-13 11:50:00,85.68000030517578
2023-01-13 11:51:00,85.68499755859375
2023-01-13 11:52:00,85.63999938964844
2023-01-13 11:53:00,85.62999725341797
2023-01-13 11:54:00,85.6050033569336
2023-01-13 11:55:00,85.61000061035156
2023-01-13 11:56:00,85.55999755859375
2023-01-13 11:57:00,85.55000305175781
2023-01-13 11:58:00,85.62999725341797
2023-01-13 11:59:00,85.66999816894531
2023-01-13 12:00:00,85.66500091552734
2023-01-13 12:01:00,85.69000244140625
2023-01-13 12:02:00,85.80000305175781
2023-01-13 12:03:00,85.79499816894531
2023-01-13 12:04:00,85.83999633789062
2023-01-13 12:05:00,85.8156967163086
2023-01-13 12:06:00,85.83999633789062
2023-01-13 12:07:00,85.9000015258789
2023-01-13 12:08:00,85.88580322265625
2023-01-13 12:09:00,85.88999938964844
2023-01-13 12:10:00,85.8949966430664
2023-01-13 12:11:00,85.91000366210938
2023-01-13 12:12:00,85.94000244140625
2023-01-13 12:13:00,85.98999786376953
2023-01-13 12:14:00,85.98999786376953
2023-01-13 12:15:00,85.98999786376953
2023-01-13 12:16:00,86.0
2023-01-13 12:17:00,86.0
2023-01-13 12:18:00,86.0199966430664
2023-01-13 12:19:00,86.01640319824219
2023-01-13 12:20:00,86.04000091552734
2023-01-13 12:21:00,86.05500030517578
2023-01-13 12:22:00,86.01499938964844
2023-01-13 12:23:00,86.0
2023-01-13 12:24:00,85.98999786376953
2023-01-13 12:25:00,86.02999877929688
2023-01-13 12:26:00,86.04499816894531
2023-01-13 12:27:00,86.06999969482422
2023-01-13 12:28:00,86.08000183105469
2023-01-13 12:29:00,86.05500030517578
2023-01-13 12:30:00,86.01499938964844
2023-01-13 12:31:00,85.94999694824219
2023-01-13 12:32:00,85.9800033569336
2023-01-13 12:33:00,86.00499725341797
2023-01-13 12:34:00,86.00810241699219
2023-01-13 12:35:00,85.9749984741211
2023-01-13 12:36:00,85.96499633789062
2023-01-13 12:37:00,85.95999908447266
2023-01-13 12:38:00,85.9749984741211
2023-01-13 12:39:00,85.95999908447266
2023-01-13 12:40:00,86.04000091552734
2023-01-13 12:41:00,86.04000091552734
2023-01-13 12:42:00,86.097900390625
2023-01-13 12:43:00,86.09500122070312
2023-01-13 12:44:00,86.16000366210938
2023-01-13 12:45:00,86.20890045166016
2023-01-13 12:46:00,86.19999694824219
2023-01-13 12:47:00,86.19999694824219
2023-01-13 12:48:00,86.16999816894531
2023-01-13 12:49:00,86.1500015258789
2023-01-13 12:50:00,86.13999938964844
2023-01-13 12:51:00,86.10800170898438
2023-01-13 12:52:00,86.16000366210938
2023-01-13 12:53:00,86.2249984741211
2023-01-13 12:54:00,86.23999786376953
2023-01-13 12:55:00,86.26000213623047
2023-01-13 12:56:00,86.30999755859375
2023-01-13 12:57:00,86.30750274658203
2023-01-13 12:58:00,86.30000305175781
2023-01-13 12:59:00,86.33999633789062
2023-01-13 13:00:00,86.34500122070312
2023-01-13 13:01:00,86.33000183105469
2023-01-13 13:02:00,86.33000183105469
2023-01-13 13:03:00,86.33999633789062
2023-01-13 13:04:00,86.33000183105469
2023-01-13 13:05:00,86.29499816894531
2023-01-13 13:06:00,86.33000183105469
2023-01-13 13:07:00,86.30500030517578
2023-01-13 13:08:00,86.29000091552734
2023-01-13 13:09:00,86.29750061035156
2023-01-13 13:10:00,86.36000061035156
2023-01-13 13:11:00,86.3550033569336
2023-01-13 13:12:00,86.3499984741211
2023-01-13 13:13:00,86.3302993774414
2023-01-13 13:14:00,86.30000305175781
2023-01-13 13:15:00,86.5
2023-01-13 13:16:00,86.37000274658203
2023-01-13 13:17:00,86.3949966430664
2023-01-13 13:18:00,86.3550033569336
2023-01-13 13:19:00,86.34500122070312
2023-01-13 13:20:00,86.31999969482422
2023-01-13 13:21:00,86.34500122070312
2023-01-13 13:22:00,86.35810089111328
2023-01-13 13:23:00,86.33989715576172
2023-01-13 13:24:00,86.37000274658203
2023-01-13 13:25:00,86.38500213623047
2023-01-13 13:26:00,86.41999816894531
2023-01-13 13:27:00,86.43000030517578
2023-01-13 13:28:00,86.41999816894531
2023-01-13 13:29:00,86.41000366210938
2023-01-13 13:30:00,86.4791030883789
2023-01-13 13:31:00,86.48999786376953
2023-01-13 13:32:00,86.54000091552734
2023-01-13 13:33:00,86.62000274658203
2023-01-13 13:34:00,86.66999816894531
2023-01-13 13:35:00,86.69999694824219
2023-01-13 13:36:00,86.69000244140625
2023-01-13 13:37:00,86.67500305175781
2023-01-13 13:38:00,86.66000366210938
2023-01-13 13:39:00,86.68499755859375
2023-01-13 13:40:00,86.80000305175781
2023-01-13 13:41:00,86.81999969482422
2023-01-13 13:42:00,86.82499694824219
2023-01-13 13:43:00,86.8499984741211
2023-01-13 13:44:00,86.80999755859375
2023-01-13 13:45:00,86.70999908447266
2023-01-13 13:46:00,86.72000122070312
2023-01-13 13:47:00,86.77999877929688
2023-01-13 13:48:00,86.79499816894531
2023-01-13 13:49:00,86.80000305175781
2023-01-13 13:50:00,86.79499816894531
2023-01-13 13:51:00,86.81999969482422
2023-01-13 13:52:00,86.76000213623047
2023-01-13 13:53:00,86.78500366210938
2023-01-13 13:54:00,86.76000213623047
2023-01-13 13:55:00,86.72000122070312
2023-01-13 13:56:00,86.68000030517578
2023-01-13 13:57:00,86.68499755859375
2023-01-13 13:58:00,86.66999816894531
2023-01-13 13:59:00,86.62999725341797
2023-01-13 14:00:00,86.65730285644531
2023-01-13 14:01:00,86.69740295410156
2023-01-13 14:02:00,86.72000122070312
2023-01-13 14:03:00,86.67500305175781
2023-01-13 14:04:00,86.63999938964844
2023-01-13 14:05:00,86.69499969482422
2023-01-13 14:06:00,86.66929626464844
2023-01-13 14:07:00,86.63999938964844
2023-01-13 14:08:00,86.58719635009766
2023-01-13 14:09:00,86.55000305175781
2023-01-13 14:10:00,86.55000305175781
2023-01-13 14:11:00,86.55500030517578
2023-01-13 14:12:00,86.58999633789062
2023-01-13 14:13:00,86.58999633789062
2023-01-13 14:14:00,86.58999633789062
2023-01-13 14:15:00,86.62989807128906
2023-01-13 14:16:00,86.62999725341797
2023-01-13 14:17:00,86.63500213623047
2023-01-13 14:18:00,86.66999816894531
2023-01-13 14:19:00,86.63999938964844
2023-01-13 14:20:00,86.61000061035156
2023-01-13 14:21:00,86.59500122070312
2023-01-13 14:22:00,86.66999816894531
2023-01-13 14:23:00,86.67500305175781
2023-01-13 14:24:00,86.70999908447266
2023-01-13 14:25:00,86.73660278320312
2023-01-13 14:26:00,86.7699966430664
2023-01-13 14:27:00,86.77999877929688
2023-01-13 14:28:00,86.77999877929688
2023-01-13 14:29:00,86.77999877929688
2023-01-13 14:30:00,86.77999877929688
2023-01-13 14:31:00,86.83999633789062
2023-01-13 14:32:00,86.81500244140625
2023-01-13 14:33:00,86.79000091552734
2023-01-13 14:34:00,86.7750015258789
2023-01-13 14:35:00,86.79750061035156
2023-01-13 14:36:00,86.77660369873047
2023-01-13 14:37:00,86.75
2023-01-13 14:38:00,86.80000305175781
2023-01-13 14:39:00,86.87000274658203
2023-01-13 14:40:00,86.84739685058594
2023-01-13 14:41:00,86.81999969482422
2023-01-13 14:42:00,86.70500183105469
2023-01-13 14:43:00,86.69999694824219
2023-01-13 14:44:00,86.70649719238281
2023-01-13 14:45:00,86.72000122070312
2023-01-13 14:46:00,86.68000030517578
2023-01-13 14:47:00,86.73999786376953
2023-01-13 14:48:00,86.75
2023-01-13 14:49:00,86.73999786376953
2023-01-13 14:50:00,86.72000122070312
2023-01-13 14:51:00,86.70999908447266
2023-01-13 14:52:00,86.69999694824219
2023-01-13 14:53:00,86.69999694824219
2023-01-13 14:54:00,86.70999908447266
2023-01-13 14:55:00,86.66999816894531
2023-01-13 14:56:00,86.66000366210938
2023-01-13 14:57:00,86.66000366210938
2023-01-13 14:58:00,86.66000366210938
2023-01-13 14:59:00,86.69999694824219
2023-01-13 15:00:00,86.75
2023-01-13 15:01:00,86.69999694824219
2023-01-13 15:02:00,86.73500061035156
2023-01-13 15:03:00,86.75
2023-01-13 15:04:00,86.76000213623047
2023-01-13 15:05:00,86.75
2023-01-13 15:06:00,86.7699966430664
2023-01-13 15:07:00,86.77999877929688
2023-01-13 15:08:00,86.79000091552734
2023-01-13 15:09:00,86.77999877929688
2023-01-13 15:10:00,86.80000305175781
2023-01-13 15:11:00,86.83999633789062
2023-01-13 15:12:00,86.83000183105469
2023-01-13 15:13:00,86.8499984741211
2023-01-13 15:14:00,86.87000274658203
2023-01-13 15:15:00,86.8499984741211
2023-01-13 15:16:00,86.86000061035156
2023-01-13 15:17:00,86.91000366210938
2023-01-13 15:18:00,86.91000366210938
2023-01-13 15:19:00,86.91000366210938
2023-01-13 15:20:00,86.94000244140625
2023-01-13 15:21:00,86.9800033569336
2023-01-13 15:22:00,86.9800033569336
2023-01-13 15:23:00,86.97000122070312
2023-01-13 15:24:00,86.9800033569336
2023-01-13 15:25:00,86.98999786376953
2023-01-13 15:26:00,87.0199966430664
2023-01-13 15:27:00,87.05000305175781
2023-01-13 15:28:00,87.05000305175781
2023-01-13 15:29:00,87.05000305175781
2023-01-13 15:30:00,87.05000305175781
2023-01-13 15:31:00,87.0
2023-01-13 15:32:00,86.94999694824219
2023-01-13 15:33:00,86.94000244140625
2023-01-13 15:34:00,86.97000122070312
2023-01-13 15:35:00,87.02989959716797
2023-01-13 15:36:00,87.05999755859375
2023-01-13 15:37:00,87.08999633789062
2023-01-13 15:38:00,87.0999984741211
2023-01-13 15:39:00,87.05999755859375
2023-01-13 15:40:00,87.08999633789062
2023-01-13 15:41:00,87.0999984741211
2023-01-13 15:42:00,87.05999755859375
2023-01-13 15:43:00,87.04000091552734
2023-01-13 15:44:00,86.98999786376953
2023-01-13 15:45:00,87.04000091552734
2023-01-13 15:46:00,87.04499816894531
2023-01-13 15:47:00,87.02999877929688
2023-01-13 15:48:00,87.05000305175781
2023-01-13 15:49:00,87.05000305175781
2023-01-13 15:50:00,87.02999877929688
2023-01-13 15:51:00,86.98999786376953
2023-01-13 15:52:00,86.98999786376953
2023-01-13 15:53:00,86.94999694824219
2023-01-13 15:54:00,86.95500183105469
2023-01-13 15:55:00,87.08000183105469
2023-01-13 15:56:00,87.08000183105469
2023-01-13 15:57:00,86.97000122070312
2023-01-13 15:58:00,86.93000030517578
2023-01-13 15:59:00,86.90499877929688
2023-01-17 09:30:00,86.73999786376953
2023-01-17 09:31:00,86.97000122070312
2023-01-17 09:32:00,87.08000183105469
2023-01-17 09:33:00,87.06999969482422
2023-01-17 09:34:00,87.19999694824219
2023-01-17 09:35:00,87.3499984741211
2023-01-17 09:36:00,87.4000015258789
2023-01-17 09:37:00,87.39739990234375
2023-01-17 09:38:00,87.39990234375
2023-01-17 09:39:00,87.55999755859375
2023-01-17 09:40:00,87.60990142822266
2023-01-17 09:41:00,87.37000274658203
2023-01-17 09:42:00,87.44999694824219
2023-01-17 09:43:00,87.58499908447266
2023-01-17 09:44:00,87.57140350341797
2023-01-17 09:45:00,87.55000305175781
2023-01-17 09:46:00,87.58999633789062
2023-01-17 09:47:00,87.63999938964844
2023-01-17 09:48:00,87.63999938964844
2023-01-17 09:49:00,87.6449966430664
2023-01-17 09:50:00,87.8499984741211
2023-01-17 09:51:00,87.87000274658203
2023-01-17 09:52:00,87.92500305175781
2023-01-17 09:53:00,88.03620147705078
2023-01-17 09:54:00,88.05999755859375
2023-01-17 09:55:00,88.04000091552734
2023-01-17 09:56:00,87.98999786376953
2023-01-17 09:57:00,87.98999786376953
2023-01-17 09:58:00,88.08000183105469
2023-01-17 09:59:00,88.11000061035156
2023-01-17 10:00:00,88.30999755859375
2023-01-17 10:01:00,88.44999694824219
2023-01-17 10:02:00,88.58499908447266
2023-01-17 10:03:00,88.71499633789062
2023-01-17 10:04:00,88.80000305175781
2023-01-17 10:05:00,88.7699966430664
2023-01-17 10:06:00,88.7300033569336
2023-01-17 10:07:00,88.7249984741211
2023-01-17 10:08:00,88.83999633789062
2023-01-17 10:09:00,88.95500183105469
2023-01-17 10:10:00,88.98999786376953
2023-01-17 10:11:00,89.12999725341797
2023-01-17 10:12:00,89.29000091552734
2023-01-17 10:13:00,89.41500091552734
2023-01-17 10:14:00,89.46990203857422
2023-01-17 10:15:00,89.44499969482422
2023-01-17 10:16:00,89.40499877929688
2023-01-17 10:17:00,89.22599792480469
2023-01-17 10:18:00,89.3499984741211
2023-01-17 10:19:00,89.31500244140625
2023-01-17 10:20:00,89.45999908447266
2023-01-17 10:21:00,89.55000305175781
2023-01-17 10:22:00,89.63999938964844
2023-01-17 10:23:00,89.4800033569336
2023-01-17 10:24:00,89.61000061035156
2023-01-17 10:25:00,89.66999816894531
2023-01-17 10:26:00,89.7300033569336
2023-01-17 10:27:00,89.72000122070312
2023-01-17 10:28:00,89.59500122070312
2023-01-17 10:29:00,89.36000061035156
2023-01-17 10:30:00,89.31500244140625
2023-01-17 10:31:00,89.36000061035156
2023-01-17 10:32:00,89.30000305175781
2023-01-17 10:33:00,89.20999908447266
2023-01-17 10:34:00,89.21499633789062
2023-01-17 10:35:00,89.22000122070312
2023-01-17 10:36:00,89.12000274658203
2023-01-17 10:37:00,89.11000061035156
2023-01-17 10:38:00,89.125
2023-01-17 10:39:00,89.03500366210938
2023-01-17 10:40:00,89.0250015258789
2023-01-17 10:41:00,88.97000122070312
2023-01-17 10:42:00,88.80000305175781
2023-01-17 10:43:00,88.66000366210938
2023-01-17 10:44:00,88.66500091552734
2023-01-17 10:45:00,88.61499786376953
2023-01-17 10:46:00,88.51000213623047
2023-01-17 10:47:00,88.58000183105469
2023-01-17 10:48:00,88.75
2023-01-17 10:49:00,88.82499694824219
2023-01-17 10:50:00,88.81999969482422
2023-01-17 10:51:00,88.8499984741211
2023-01-17 10:52:00,88.7750015258789
2023-01-17 10:53:00,88.79000091552734
2023-01-17 10:54:00,88.70999908447266
2023-01-17 10:55:00,88.7750015258789
2023-01-17 10:56:00,88.81999969482422
2023-01-17 10:57:00,88.78500366210938
2023-01-17 10:58:00,88.85030364990234
2023-01-17 10:59:00,88.87999725341797
2023-01-17 11:00:00,88.88999938964844
2023-01-17 11:01:00,88.80500030517578
2023-01-17 11:02:00,88.7300033569336
2023-01-17 11:03:00,88.78500366210938
2023-01-17 11:04:00,88.86990356445312
2023-01-17 11:05:00,88.77059936523438
2023-01-17 11:06:00,88.66999816894531
2023-01-17 11:07:00,88.5364990234375
2023-01-17 11:08:00,88.46499633789062
2023-01-17 11:09:00,88.41500091552734
2023-01-17 11:10:00,88.3550033569336
2023-01-17 11:11:00,88.24500274658203
2023-01-17 11:12:00,88.16000366210938
2023-01-17 11:13:00,88.23999786376953
2023-01-17 11:14:00,88.2300033569336
2023-01-17 11:15:00,88.25299835205078
2023-01-17 11:16:00,88.27989959716797
2023-01-17 11:17:00,88.25
2023-01-17 11:18:00,88.26000213623047
2023-01-17 11:19:00,88.23380279541016
2023-01-17 11:20:00,88.2249984741211
2023-01-17 11:21:00,88.11000061035156
2023-01-17 11:22:00,88.2699966430664
2023-01-17 11:23:00,88.30999755859375
2023-01-17 11:24:00,88.27999877929688
2023-01-17 11:25:00,88.41000366210938
2023-01-17 11:26:00,88.41999816894531
2023-01-17 11:27:00,88.47000122070312
2023-01-17 11:28:00,88.58000183105469
2023-01-17 11:29:00,88.66000366210938
2023-01-17 11:30:00,88.7197036743164
2023-01-17 11:31:00,88.78980255126953
2023-01-17 11:32:00,88.80000305175781
2023-01-17 11:33:00,88.76499938964844
2023-01-17 11:34:00,88.71499633789062
2023-01-17 11:35:00,88.77999877929688
2023-01-17 11:36:00,88.79979705810547
2023-01-17 11:37:00,88.63999938964844
2023-01-17 11:38:00,88.62000274658203
2023-01-17 11:39:00,88.66999816894531
2023-01-17 11:40:00,88.77999877929688
2023-01-17 11:41:00,88.79000091552734
2023-01-17 11:42:00,88.87000274658203
2023-01-17 11:43:00,88.83000183105469
2023-01-17 11:44:00,88.77999877929688
2023-01-17 11:45:00,88.80999755859375
2023-01-17 11:46:00,88.86990356445312
2023-01-17 11:47:00,88.89859771728516
2023-01-17 11:48:00,88.94000244140625
2023-01-17 11:49:00,88.9749984741211
2023-01-17 11:50:00,88.98999786376953
2023-01-17 11:51:00,89.08000183105469
2023-01-17 11:52:00,89.08000183105469
2023-01-17 11:53:00,89.12999725341797
2023-01-17 11:54:00,89.08999633789062
2023-01-17 11:55:00,89.0199966430664
2023-01-17 11:56:00,89.02999877929688
2023-01-17 11:57:00,89.12999725341797
2023-01-17 11:58:00,89.14990234375
2023-01-17 11:59:00,89.11000061035156
2023-01-17 12:00:00,89.1449966430664
2023-01-17 12:01:00,89.16500091552734
2023-01-17 12:02:00,89.1332015991211
2023-01-17 12:03:00,89.08000183105469
2023-01-17 12:04:00,89.11000061035156
2023-01-17 12:05:00,89.0999984741211
2023-01-17 12:06:00,89.11499786376953
2023-01-17 12:07:00,89.0999984741211
2023-01-17 12:08:00,89.06999969482422
2023-01-17 12:09:00,89.04000091552734
2023-01-17 12:10:00,88.97000122070312
2023-01-17 12:11:00,88.94000244140625
2023-01-17 12:12:00,88.91500091552734
2023-01-17 12:13:00,88.8656997680664
2023-01-17 12:14:00,88.85990142822266
2023-01-17 12:15:00,88.84500122070312
2023-01-17 12:16:00,88.87000274658203
2023-01-17 12:17:00,88.84500122070312
2023-01-17 12:18:00,88.80000305175781
2023-01-17 12:19:00,88.80000305175781
2023-01-17 12:20:00,88.75
2023-01-17 12:21:00,88.73999786376953
2023-01-17 12:22:00,88.76000213623047
2023-01-17 12:23:00,88.7249984741211
2023-01-17 12:24:00,88.69999694824219
2023-01-17 12:25:00,88.71499633789062
2023-01-17 12:26:00,88.70999908447266
2023-01-17 12:27:00,88.72000122070312
2023-01-17 12:28:00,88.78500366210938
2023-01-17 12:29:00,88.74500274658203
2023-01-17 12:30:00,88.71499633789062
2023-01-17 12:31:00,88.73999786376953
2023-01-17 12:32:00,88.76499938964844
2023-01-17 12:33:00,88.75499725341797
2023-01-17 12:34:00,88.73999786376953
2023-01-17 12:35:00,88.73999786376953
2023-01-17 12:36:00,88.72000122070312
2023-01-17 12:37:00,88.76000213623047
2023-01-17 12:38:00,88.77999877929688
2023-01-17 12:39:00,88.80999755859375
2023-01-17 12:40:00,88.82499694824219
2023-01-17 12:41:00,88.81500244140625
2023-01-17 12:42:00,88.81999969482422
2023-01-17 12:43:00,88.81999969482422
2023-01-17 12:44:00,88.82499694824219
2023-01-17 12:45:00,88.8499984741211
2023-01-17 12:46:00,88.80500030517578
2023-01-17 12:47:00,88.80999755859375
2023-01-17 12:48:00,88.80999755859375
2023-01-17 12:49:00,88.80500030517578
2023-01-17 12:50:00,88.82499694824219
2023-01-17 12:51:00,88.85749816894531
2023-01-17 12:52:00,88.91999816894531
2023-01-17 12:53:00,88.93000030517578
2023-01-17 12:54:00,88.95999908447266
2023-01-17 12:55:00,88.94499969482422
2023-01-17 12:56:00,88.90499877929688
2023-01-17 12:57:00,88.875
2023-01-17 12:58:00,88.91000366210938
2023-01-17 12:59:00,88.93000030517578
2023-01-17 13:00:00,88.95999908447266
2023-01-17 13:01:00,88.95999908447266
2023-01-17 13:02:00,88.97000122070312
2023-01-17 13:03:00,88.95999908447266
2023-01-17 13:04:00,88.95999908447266
2023-01-17 13:05:00,88.97000122070312
2023-01-17 13:06:00,89.0199966430664
2023-01-17 13:07:00,89.05999755859375
2023-01-17 13:08:00,89.13999938964844
2023-01-17 13:09:00,89.18990325927734
2023-01-17 13:10:00,89.21499633789062
2023-01-17 13:11:00,89.13999938964844
2023-01-17 13:12:00,89.05000305175781
2023-01-17 13:13:00,89.12000274658203
2023-01-17 13:14:00,89.12999725341797
2023-01-17 13:15:00,89.2300033569336
2023-01-17 13:16:00,89.30000305175781
2023-01-17 13:17:00,89.30999755859375
2023-01-17 13:18:00,89.33999633789062
2023-01-17 13:19:00,89.30500030517578
2023-01-17 13:20:00,89.26000213623047
2023-01-17 13:21:00,89.13500213623047
2023-01-17 13:22:00,89.125
2023-01-17 13:23:00,89.0199966430664
2023-01-17 13:24:00,89.04000091552734
2023-01-17 13:25:00,89.0999984741211
2023-01-17 13:26:00,89.11000061035156
2023-01-17 13:27:00,89.07499694824219
2023-01-17 13:28:00,89.08000183105469
2023-01-17 13:29:00,89.0999984741211
2023-01-17 13:30:00,89.08000183105469
2023-01-17 13:31:00,89.11990356445312
2023-01-17 13:32:00,89.12999725341797
2023-01-17 13:33:00,89.12999725341797
2023-01-17 13:34:00,89.12000274658203
2023-01-17 13:35:00,89.12000274658203
2023-01-17 13:36:00,89.09500122070312
2023-01-17 13:37:00,89.12000274658203
2023-01-17 13:38:00,89.15499877929688
2023-01-17 13:39:00,89.19000244140625
2023-01-17 13:40:00,89.22000122070312
2023-01-17 13:41:00,89.19000244140625
2023-01-17 13:42:00,89.18000030517578
2023-01-17 13:43:00,89.18499755859375
2023-01-17 13:44:00,89.18000030517578
2023-01-17 13:45:00,89.16999816894531
2023-01-17 13:46:00,89.1488037109375
2023-01-17 13:47:00,89.1500015258789
2023-01-17 13:48:00,89.2300033569336
2023-01-17 13:49:00,89.30999755859375
2023-01-17 13:50:00,89.34500122070312
2023-01-17 13:51:00,89.33499908447266
2023-01-17 13:52:00,89.33699798583984
2023-01-17 13:53:00,89.33999633789062
2023-01-17 13:54:00,89.33989715576172
2023-01-17 13:55:00,89.2699966430664
2023-01-17 13:56:00,89.26000213623047
2023-01-17 13:57:00,89.23750305175781
2023-01-17 13:58:00,89.23500061035156
2023-01-17 13:59:00,89.29000091552734
2023-01-17 14:00:00,89.29499816894531
2023-01-17 14:01:00,89.27999877929688
2023-01-17 14:02:00,89.27999877929688
2023-01-17 14:03:00,89.27999877929688
2023-01-17 14:04:00,89.3499984741211
2023-01-17 14:05:00,89.37999725341797
2023-01-17 14:06:00,89.31999969482422
2023-01-17 14:07:00,89.37000274658203
2023-01-17 14:08:00,89.36499786376953
2023-01-17 14:09:00,89.37000274658203
2023-01-17 14:10:00,89.3499984741211
2023-01-17 14:11:00,89.33989715576172
2023-01-17 14:12:00,89.33999633789062
2023-01-17 14:13:00,89.31999969482422
2023-01-17 14:14:00,89.2750015258789
2023-01-17 14:15:00,89.29810333251953
2023-01-17 14:16:00,89.23999786376953
2023-01-17 14:17:00,89.26000213623047
2023-01-17 14:18:00,89.26000213623047
2023-01-17 14:19:00,89.24500274658203
2023-01-17 14:20:00,89.24500274658203
2023-01-17 14:21:00,89.18000030517578
2023-01-17 14:22:00,89.19999694824219
2023-01-17 14:23:00,89.22000122070312
2023-01-17 14:24:00,89.25
2023-01-17 14:25:00,89.27999877929688
2023-01-17 14:26:00,89.28500366210938
2023-01-17 14:27:00,89.2698974609375
2023-01-17 14:28:00,89.2750015258789
2023-01-17 14:29:00,89.30000305175781
2023-01-17 14:30:00,89.33999633789062
2023-01-17 14:31:00,89.3499984741211
2023-01-17 14:32:00,89.36000061035156
2023-01-17 14:33:00,89.38999938964844
2023-01-17 14:34:00,89.38500213623047
2023-01-17 14:35:00,89.44000244140625
2023-01-17 14:36:00,89.44499969482422
2023-01-17 14:37:00,89.44499969482422
2023-01-17 14:38:00,89.41999816894531
2023-01-17 14:39:00,89.43000030517578
2023-01-17 14:40:00,89.44499969482422
2023-01-17 14:41:00,89.46499633789062
2023-01-17 14:42:00,89.44499969482422
2023-01-17 14:43:00,89.44000244140625
2023-01-17 14:44:00,89.44969940185547
2023-01-17 14:45:00,89.44000244140625
2023-01-17 14:46:00,89.44499969482422
2023-01-17 14:47:00,89.44000244140625
2023-01-17 14:48:00,89.41000366210938
2023-01-17 14:49:00,89.41999816894531
2023-01-17 14:50:00,89.44499969482422
2023-01-17 14:51:00,89.43000030517578
2023-01-17 14:52:00,89.41000366210938
2023-01-17 14:53:00,89.41999816894531
2023-01-17 14:54:00,89.37999725341797
2023-01-17 14:55:00,89.34500122070312
2023-01-17 14:56:00,89.34500122070312
2023-01-17 14:57:00,89.33999633789062
2023-01-17 14:58:00,89.33000183105469
2023-01-17 14:59:00,89.31999969482422
2023-01-17 15:00:00,89.32990264892578
2023-01-17 15:01:00,89.44499969482422
2023-01-17 15:02:00,89.43000030517578
2023-01-17 15:03:00,89.44000244140625
2023-01-17 15:04:00,89.43000030517578
2023-01-17 15:05:00,89.40499877929688
2023-01-17 15:06:00,89.37000274658203
2023-01-17 15:07:00,89.375
2023-01-17 15:08:00,89.3550033569336
2023-01-17 15:09:00,89.36499786376953
2023-01-17 15:10:00,89.3499984741211
2023-01-17 15:11:00,89.30999755859375
2023-01-17 15:12:00,89.26499938964844
2023-01-17 15:13:00,89.2750015258789
2023-01-17 15:14:00,89.30000305175781
2023-01-17 15:15:00,89.28500366210938
2023-01-17 15:16:00,89.30999755859375
2023-01-17 15:17:00,89.33000183105469
2023-01-17 15:18:00,89.33000183105469
2023-01-17 15:19:00,89.30000305175781
2023-01-17 15:20:00,89.29000091552734
2023-01-17 15:21:00,89.28500366210938
2023-01-17 15:22:00,89.30500030517578
2023-01-17 15:23:00,89.31999969482422
2023-01-17 15:24:00,89.27999877929688
2023-01-17 15:25:00,89.27999877929688
2023-01-17 15:26:00,89.29000091552734
2023-01-17 15:27:00,89.23989868164062
2023-01-17 15:28:00,89.23999786376953
2023-01-17 15:29:00,89.22000122070312
2023-01-17 15:30:00,89.2300033569336
2023-01-17 15:31:00,89.22000122070312
2023-01-17 15:32:00,89.19999694824219
2023-01-17 15:33:00,89.25
2023-01-17 15:34:00,89.26000213623047
2023-01-17 15:35:00,89.2300033569336
2023-01-17 15:36:00,89.21499633789062
2023-01-17 15:37:00,89.18000030517578
2023-01-17 15:38:00,89.19000244140625
2023-01-17 15:39:00,89.20500183105469
2023-01-17 15:40:00,89.19999694824219
2023-01-17 15:41:00,89.18000030517578
2023-01-17 15:42:00,89.16500091552734
2023-01-17 15:43:00,89.08000183105469
2023-01-17 15:44:00,89.0425033569336
2023-01-17 15:45:00,89.04000091552734
2023-01-17 15:46:00,89.12000274658203
2023-01-17 15:47:00,89.22000122070312
2023-01-17 15:48:00,89.26499938964844
2023-01-17 15:49:00,89.29499816894531
2023-01-17 15:50:00,89.36000061035156
2023-01-17 15:51:00,89.41999816894531
2023-01-17 15:52:00,89.43000030517578
2023-01-17 15:53:00,89.41000366210938
2023-01-17 15:54:00,89.2300033569336
2023-01-17 15:55:00,89.33999633789062
2023-01-17 15:56:00,89.30500030517578
2023-01-17 15:57:00,89.19499969482422
2023-01-17 15:58:00,89.16999816894531
2023-01-17 15:59:00,89.16999816894531
2023-01-18 09:30:00,90.88999938964844
2023-01-18 09:31:00,90.95999908447266
2023-01-18 09:32:00,90.9000015258789
2023-01-18 09:33:00,90.66000366210938
2023-01-18 09:34:00,91.11000061035156
2023-01-18 09:35:00,91.08999633789062
2023-01-18 09:36:00,91.04000091552734
2023-01-18 09:37:00,90.94999694824219
2023-01-18 09:38:00,91.13999938964844
2023-01-18 09:39:00,91.22000122070312
2023-01-18 09:40:00,90.94000244140625
2023-01-18 09:41:00,90.83999633789062
2023-01-18 09:42:00,91.04000091552734
2023-01-18 09:43:00,91.12999725341797
2023-01-18 09:44:00,90.94999694824219
2023-01-18 09:45:00,91.16000366210938
2023-01-18 09:46:00,91.12000274658203
2023-01-18 09:47:00,91.07209777832031
2023-01-18 09:48:00,90.78279876708984
2023-01-18 09:49:00,90.73999786376953
2023-01-18 09:50:00,90.73999786376953
2023-01-18 09:51:00,90.72000122070312
2023-01-18 09:52:00,90.76000213623047
2023-01-18 09:53:00,90.80000305175781
2023-01-18 09:54:00,90.66000366210938
2023-01-18 09:55:00,90.61000061035156
2023-01-18 09:56:00,90.53500366210938
2023-01-18 09:57:00,90.54000091552734
2023-01-18 09:58:00,90.66000366210938
2023-01-18 09:59:00,90.66999816894531
2023-01-18 10:00:00,90.7699966430664
2023-01-18 10:01:00,90.75499725341797
2023-01-18 10:02:00,90.79000091552734
2023-01-18 10:03:00,90.66999816894531
2023-01-18 10:04:00,90.51000213623047
2023-01-18 10:05:00,90.54000091552734
2023-01-18 10:06:00,90.4800033569336
2023-01-18 10:07:00,90.33000183105469
2023-01-18 10:08:00,90.27999877929688
2023-01-18 10:09:00,90.2750015258789
2023-01-18 10:10:00,90.25
2023-01-18 10:11:00,90.21810150146484
2023-01-18 10:12:00,90.19999694824219
2023-01-18 10:13:00,90.16000366210938
2023-01-18 10:14:00,90.15499877929688
2023-01-18 10:15:00,90.13500213623047
2023-01-18 10:16:00,90.11360168457031
2023-01-18 10:17:00,90.15499877929688
2023-01-18 10:18:00,90.13500213623047
2023-01-18 10:19:00,89.98999786376953
2023-01-18 10:20:00,90.1449966430664
2023-01-18 10:21:00,90.19000244140625
2023-01-18 10:22:00,90.29499816894531
2023-01-18 10:23:00,90.2488021850586
2023-01-18 10:24:00,90.19000244140625
2023-01-18 10:25:00,90.18000030517578
2023-01-18 10:26:00,90.18499755859375
2023-01-18 10:27:00,90.23999786376953
2023-01-18 10:28:00,90.31500244140625
2023-01-18 10:29:00,90.32939910888672
2023-01-18 10:30:00,90.29000091552734
2023-01-18 10:31:00,90.1449966430664
2023-01-18 10:32:00,90.12000274658203
2023-01-18 10:33:00,90.18000030517578
2023-01-18 10:34:00,90.2300033569336
2023-01-18 10:35:00,90.26499938964844
2023-01-18 10:36:00,90.21009826660156
2023-01-18 10:37:00,90.21499633789062
2023-01-18 10:38:00,90.12999725341797
2023-01-18 10:39:00,90.0
2023-01-18 10:40:00,90.01000213623047
2023-01-18 10:41:00,90.0199966430664
2023-01-18 10:42:00,89.98999786376953
2023-01-18 10:43:00,89.97000122070312
2023-01-18 10:44:00,89.8499984741211
2023-01-18 10:45:00,89.95999908447266
2023-01-18 10:46:00,90.0
2023-01-18 10:47:00,90.06999969482422
2023-01-18 10:48:00,90.1500015258789
2023-01-18 10:49:00,90.13999938964844
2023-01-18 10:50:00,90.13999938964844
2023-01-18 10:51:00,90.19000244140625
2023-01-18 10:52:00,90.1436996459961
2023-01-18 10:53:00,90.1500015258789
2023-01-18 10:54:00,90.16000366210938
2023-01-18 10:55:00,90.08000183105469
2023-01-18 10:56:00,90.12000274658203
2023-01-18 10:57:00,90.26499938964844
2023-01-18 10:58:00,90.44000244140625
2023-01-18 10:59:00,90.45999908447266
2023-01-18 11:00:00,90.5199966430664
2023-01-18 11:01:00,90.52999877929688
2023-01-18 11:02:00,90.43000030517578
2023-01-18 11:03:00,90.55000305175781
2023-01-18 11:04:00,90.48999786376953
2023-01-18 11:05:00,90.3499984741211
2023-01-18 11:06:00,90.29000091552734
2023-01-18 11:07:00,90.11100006103516
2023-01-18 11:08:00,90.1449966430664
2023-01-18 11:09:00,90.22000122070312
2023-01-18 11:10:00,90.2300033569336
2023-01-18 11:11:00,90.24500274658203
2023-01-18 11:12:00,90.2750015258789
2023-01-18 11:13:00,90.2699966430664
2023-01-18 11:14:00,90.30999755859375
2023-01-18 11:15:00,90.34500122070312
2023-01-18 11:16:00,90.38999938964844
2023-01-18 11:17:00,90.5
2023-01-18 11:18:00,90.4749984741211
2023-01-18 11:19:00,90.36499786376953
2023-01-18 11:20:00,90.27999877929688
2023-01-18 11:21:00,90.24500274658203
2023-01-18 11:22:00,90.15499877929688
2023-01-18 11:23:00,90.08999633789062
2023-01-18 11:24:00,90.07499694824219
2023-01-18 11:25:00,90.05500030517578
2023-01-18 11:26:00,90.25
2023-01-18 11:27:00,90.23999786376953
2023-01-18 11:28:00,90.1957015991211
2023-01-18 11:29:00,90.2300033569336
2023-01-18 11:30:00,90.19999694824219
2023-01-18 11:31:00,90.16999816894531
2023-01-18 11:32:00,90.19000244140625
2023-01-18 11:33:00,90.16000366210938
2023-01-18 11:34:00,90.23500061035156
2023-01-18 11:35:00,90.2699966430664
2023-01-18 11:36:00,90.31500244140625
2023-01-18 11:37:00,90.31990051269531
2023-01-18 11:38:00,90.29000091552734
2023-01-18 11:39:00,90.29000091552734
2023-01-18 11:40:00,90.33000183105469
2023-01-18 11:41:00,90.4000015258789
2023-01-18 11:42:00,90.41000366210938
2023-01-18 11:43:00,90.4000015258789
2023-01-18 11:44:00,90.2853012084961
2023-01-18 11:45:00,90.33000183105469
2023-01-18 11:46:00,90.21499633789062
2023-01-18 11:47:00,90.27999877929688
2023-01-18 11:48:00,90.29499816894531
2023-01-18 11:49:00,90.30999755859375
2023-01-18 11:50:00,90.27999877929688
2023-01-18 11:51:00,90.22000122070312
2023-01-18 11:52:00,90.19499969482422
2023-01-18 11:53:00,90.23999786376953
2023-01-18 11:54:00,90.38999938964844
2023-01-18 11:55:00,90.4800033569336
2023-01-18 11:56:00,90.54000091552734
2023-01-18 11:57:00,90.58999633789062
2023-01-18 11:58:00,90.61000061035156
2023-01-18 11:59:00,90.6238021850586
2023-01-18 12:00:00,90.68820190429688
2023-01-18 12:01:00,90.7300033569336
2023-01-18 12:02:00,90.7562026977539
2023-01-18 12:03:00,90.76000213623047
2023-01-18 12:04:00,90.73500061035156
2023-01-18 12:05:00,90.58499908447266
2023-01-18 12:06:00,90.58000183105469
2023-01-18 12:07:00,90.5261001586914
2023-01-18 12:08:00,90.4800033569336
2023-01-18 12:09:00,90.47000122070312
2023-01-18 12:10:00,90.47989654541016
2023-01-18 12:11:00,90.4800033569336
2023-01-18 12:12:00,90.50499725341797
2023-01-18 12:13:00,90.5250015258789
2023-01-18 12:14:00,90.65499877929688
2023-01-18 12:15:00,90.6449966430664
2023-01-18 12:16:00,90.63500213623047
2023-01-18 12:17:00,90.6500015258789
2023-01-18 12:18:00,90.54190063476562
2023-01-18 12:19:00,90.48500061035156
2023-01-18 12:20:00,90.48979949951172
2023-01-18 12:21:00,90.46499633789062
2023-01-18 12:22:00,90.5
2023-01-18 12:23:00,90.5
2023-01-18 12:24:00,90.54000091552734
2023-01-18 12:25:00,90.51000213623047
2023-01-18 12:26:00,90.45500183105469
2023-01-18 12:27:00,90.4000015258789
2023-01-18 12:28:00,90.38999938964844
2023-01-18 12:29:00,90.4000015258789
2023-01-18 12:30:00,90.3499984741211
2023-01-18 12:31:00,90.28500366210938
2023-01-18 12:32:00,90.30999755859375
2023-01-18 12:33:00,90.33000183105469
2023-01-18 12:34:00,90.37999725341797
2023-01-18 12:35:00,90.37000274658203
2023-01-18 12:36:00,90.33999633789062
2023-01-18 12:37:00,90.4000015258789
2023-01-18 12:38:00,90.39009857177734
2023-01-18 12:39:00,90.4000015258789
2023-01-18 12:40:00,90.40249633789062
2023-01-18 12:41:00,90.41999816894531
2023-01-18 12:42:00,90.47000122070312
2023-01-18 12:43:00,90.48999786376953
2023-01-18 12:44:00,90.46499633789062
2023-01-18 12:45:00,90.41500091552734
2023-01-18 12:46:00,90.42500305175781
2023-01-18 12:47:00,90.43000030517578
2023-01-18 12:48:00,90.44000244140625
2023-01-18 12:49:00,90.44000244140625
2023-01-18 12:50:00,90.43250274658203
2023-01-18 12:51:00,90.43499755859375
2023-01-18 12:52:00,90.43000030517578
2023-01-18 12:53:00,90.37000274658203
2023-01-18 12:54:00,90.375
2023-01-18 12:55:00,90.33000183105469
2023-01-18 12:56:00,90.30999755859375
2023-01-18 12:57:00,90.31999969482422
2023-01-18 12:58:00,90.29000091552734
2023-01-18 12:59:00,90.2300033569336
2023-01-18 13:00:00,90.22830200195312
2023-01-18 13:01:00,90.25499725341797
2023-01-18 13:02:00,90.20999908447266
2023-01-18 13:03:00,90.16999816894531
2023-01-18 13:04:00,90.16000366210938
2023-01-18 13:05:00,90.07499694824219
2023-01-18 13:06:00,90.05000305175781
2023-01-18 13:07:00,89.97989654541016
2023-01-18 13:08:00,89.92500305175781
2023-01-18 13:09:00,89.87000274658203
2023-01-18 13:10:00,89.83000183105469
2023-01-18 13:11:00,89.80500030517578
2023-01-18 13:12:00,89.75499725341797
2023-01-18 13:13:00,89.66000366210938
2023-01-18 13:14:00,89.62000274658203
2023-01-18 13:15:00,89.58499908447266
2023-01-18 13:16:00,89.55500030517578
2023-01-18 13:17:00,89.62000274658203
2023-01-18 13:18:00,89.5999984741211
2023-01-18 13:19:00,89.59500122070312
2023-01-18 13:20:00,89.71410369873047
2023-01-18 13:21:00,89.70999908447266
2023-01-18 13:22:00,89.7249984741211
2023-01-18 13:23:00,89.75
2023-01-18 13:24:00,89.80000305175781
2023-01-18 13:25:00,89.8499984741211
2023-01-18 13:26:00,89.8499984741211
2023-01-18 13:27:00,89.88999938964844
2023-01-18 13:28:00,89.90499877929688
2023-01-18 13:29:00,89.87999725341797
2023-01-18 13:30:00,89.86000061035156
2023-01-18 13:31:00,89.72000122070312
2023-01-18 13:32:00,89.70999908447266
2023-01-18 13:33:00,89.66999816894531
2023-01-18 13:34:00,89.62000274658203
2023-01-18 13:35:00,89.52999877929688
2023-01-18 13:36:00,89.61499786376953
2023-01-18 13:37:00,89.5999984741211
2023-01-18 13:38:00,89.5999984741211
2023-01-18 13:39:00,89.56999969482422
2023-01-18 13:40:00,89.5999984741211
2023-01-18 13:41:00,89.61990356445312
2023-01-18 13:42:00,89.6500015258789
2023-01-18 13:43:00,89.6500015258789
2023-01-18 13:44:00,89.70999908447266
2023-01-18 13:45:00,89.69999694824219
2023-01-18 13:46:00,89.75
2023-01-18 13:47:00,89.7750015258789
2023-01-18 13:48:00,89.80999755859375
2023-01-18 13:49:00,89.81600189208984
2023-01-18 13:50:00,89.90499877929688
2023-01-18 13:51:00,89.94000244140625
2023-01-18 13:52:00,90.0
2023-01-18 13:53:00,90.01629638671875
2023-01-18 13:54:00,90.01000213623047
2023-01-18 13:55:00,89.99500274658203
2023-01-18 13:56:00,89.94999694824219
2023-01-18 13:57:00,89.95500183105469
2023-01-18 13:58:00,89.94999694824219
2023-01-18 13:59:00,89.94000244140625
2023-01-18 14:00:00,89.98999786376953
2023-01-18 14:01:00,89.9031982421875
2023-01-18 14:02:00,89.95500183105469
2023-01-18 14:03:00,89.91999816894531
2023-01-18 14:04:00,89.92240142822266
2023-01-18 14:05:00,89.88999938964844
2023-01-18 14:06:00,89.83999633789062
2023-01-18 14:07:00,89.80000305175781
2023-01-18 14:08:00,89.88999938964844
2023-01-18 14:09:00,89.94249725341797
2023-01-18 14:10:00,89.93499755859375
2023-01-18 14:11:00,89.94000244140625
2023-01-18 14:12:00,89.90499877929688
2023-01-18 14:13:00,89.8865966796875
2023-01-18 14:14:00,89.88999938964844
2023-01-18 14:15:00,89.88999938964844
2023-01-18 14:16:00,89.8949966430664
2023-01-18 14:17:00,89.8949966430664
2023-01-18 14:18:00,89.83999633789062
2023-01-18 14:19:00,89.87000274658203
2023-01-18 14:20:00,89.94989776611328
2023-01-18 14:21:00,89.94000244140625
2023-01-18 14:22:00,89.88500213623047
2023-01-18 14:23:00,89.91000366210938
2023-01-18 14:24:00,89.92500305175781
2023-01-18 14:25:00,89.95999908447266
2023-01-18 14:26:00,89.9800033569336
2023-01-18 14:27:00,89.96499633789062
2023-01-18 14:28:00,89.9749984741211
2023-01-18 14:29:00,90.01499938964844
2023-01-18 14:30:00,90.0199966430664
2023-01-18 14:31:00,90.0072021484375
2023-01-18 14:32:00,90.03500366210938
2023-01-18 14:33:00,90.0999984741211
2023-01-18 14:34:00,90.11000061035156
2023-01-18 14:35:00,90.1050033569336
2023-01-18 14:36:00,90.09500122070312
2023-01-18 14:37:00,90.12999725341797
2023-01-18 14:38:00,90.19000244140625
2023-01-18 14:39:00,90.18000030517578
2023-01-18 14:40:00,90.19999694824219
2023-01-18 14:41:00,90.23999786376953
2023-01-18 14:42:00,90.2300033569336
2023-01-18 14:43:00,90.27999877929688
2023-01-18 14:44:00,90.31999969482422
2023-01-18 14:45:00,90.3458023071289
2023-01-18 14:46:00,90.31999969482422
2023-01-18 14:47:00,90.30500030517578
2023-01-18 14:48:00,90.3550033569336
2023-01-18 14:49:00,90.3499984741211
2023-01-18 14:50:00,90.30000305175781
2023-01-18 14:51:00,90.22810363769531
2023-01-18 14:52:00,90.16999816894531
2023-01-18 14:53:00,90.20999908447266
2023-01-18 14:54:00,90.21499633789062
2023-01-18 14:55:00,90.19000244140625
2023-01-18 14:56:00,90.19000244140625
2023-01-18 14:57:00,90.18000030517578
2023-01-18 14:58:00,90.19999694824219
2023-01-18 14:59:00,90.19999694824219
2023-01-18 15:00:00,90.16999816894531
2023-01-18 15:01:00,90.12999725341797
2023-01-18 15:02:00,90.11000061035156
2023-01-18 15:03:00,90.0999984741211
2023-01-18 15:04:00,90.05000305175781
2023-01-18 15:05:00,89.98500061035156
2023-01-18 15:06:00,89.87999725341797
2023-01-18 15:07:00,89.91999816894531
2023-01-18 15:08:00,89.94999694824219
2023-01-18 15:09:00,89.95999908447266
2023-01-18 15:10:00,89.95999908447266
2023-01-18 15:11:00,89.98999786376953
2023-01-18 15:12:00,89.9800033569336
2023-01-18 15:13:00,89.94000244140625
2023-01-18 15:14:00,89.87999725341797
2023-01-18 15:15:00,89.91000366210938
2023-01-18 15:16:00,89.87000274658203
2023-01-18 15:17:00,89.8499984741211
2023-01-18 15:18:00,89.81999969482422
2023-01-18 15:19:00,89.83000183105469
2023-01-18 15:20:00,89.81999969482422
2023-01-18 15:21:00,89.86000061035156
2023-01-18 15:22:00,89.84500122070312
2023-01-18 15:23:00,89.87000274658203
2023-01-18 15:24:00,89.875
2023-01-18 15:25:00,89.86000061035156
2023-01-18 15:26:00,89.88999938964844
2023-01-18 15:27:00,89.8949966430664
2023-01-18 15:28:00,89.91000366210938
2023-01-18 15:29:00,89.88999938964844
2023-01-18 15:30:00,89.86000061035156
2023-01-18 15:31:00,89.8550033569336
2023-01-18 15:32:00,89.80999755859375
2023-01-18 15:33:00,89.7300033569336
2023-01-18 15:34:00,89.68000030517578
2023-01-18 15:35:00,89.69999694824219
2023-01-18 15:36:00,89.73259735107422
2023-01-18 15:37:00,89.76719665527344
2023-01-18 15:38:00,89.70999908447266
2023-01-18 15:39:00,89.66999816894531
2023-01-18 15:40:00,89.66000366210938
2023-01-18 15:41:00,89.6500015258789
2023-01-18 15:42:00,89.66000366210938
2023-01-18 15:43:00,89.63749694824219
2023-01-18 15:44:00,89.6500015258789
2023-01-18 15:45:00,89.74500274658203
2023-01-18 15:46:00,89.74500274658203
2023-01-18 15:47:00,89.74500274658203
2023-01-18 15:48:00,89.7249984741211
2023-01-18 15:49:00,89.69999694824219
2023-01-18 15:50:00,89.66999816894531
2023-01-18 15:51:00,89.68000030517578
2023-01-18 15:52:00,89.70999908447266
2023-01-18 15:53:00,89.69499969482422
2023-01-18 15:54:00,89.6500015258789
2023-01-18 15:55:00,89.59500122070312
2023-01-18 15:56:00,89.53500366210938
2023-01-18 15:57:00,89.4749984741211
2023-01-18 15:58:00,89.47000122070312
2023-01-18 15:59:00,89.5199966430664
